<commands
	xmlns:xsi="http://www.w3.org/2001/XMLSchema-instance"
	xsi:noNamespaceSchemaLocation="part2in.xsd"
	spatialWidth="1024"
	spatialHeight="1024"
	g="3"
	pmOrder="3">
    
 <createCity name="Baltimore" x="140" y="37" radius="0" color="black"/>
 <createCity name="Chicago" x="133" y="34" radius="0" color="black"/>
 <createCity name="New_York" x="200" y="300" radius="0" color="black"/>
 <createCity name="Zurich" x="1000" y="1000" radius="0" color="black"/>
 <createCity name="Paris" x="500" y="400" radius="0" color="black"/>
 <createCity name="Amsterdam" x="450" y="450" radius="0" color="black"/>

 <mapCity name="Amsterdam" />
 <mapCity name = "Chicago" />
 <nearestCity x="400" y="450" />
 <mapRoad start="Amsterdam" end="Paris" />
 <mapRoad start="Zurich" end="Paris" />
 <mapCity name="Zurich" />
 <nearestIsolatedCity x="130" y="36" />
</commands>