<?xml version="1.0" encoding="UTF-8" standalone="no"?>
<results>
  <error type="emptyTree">
    <command name="printAvlTree"/>
    <parameters/>
  </error>
  <success>
    <command name="createCity"/>
    <parameters>
      <name value="Baltimore"/>
      <x value="140"/>
      <y value="37"/>
      <radius value="5"/>
      <color value="black"/>
    </parameters>
    <output/>
  </success>
  <success>
    <command name="mapCity"/>
    <parameters>
      <name value="Baltimore"/>
    </parameters>
    <output/>
  </success>
  <success>
    <command name="printAvlTree"/>
    <parameters/>
    <output>
      <AvlGTree cardinality="1" height="0" maxImbalance="1">
        <node name="Baltimore" radius="5">
          <emptyChild/>
          <emptyChild/>
        </node>
      </AvlGTree>
    </output>
  </success>
  <success>
    <command name="createCity"/>
    <parameters>
      <name value="Chicago"/>
      <x value="133"/>
      <y value="34"/>
      <radius value="6"/>
      <color value="black"/>
    </parameters>
    <output/>
  </success>
  <success>
    <command name="mapCity"/>
    <parameters>
      <name value="Chicago"/>
    </parameters>
    <output/>
  </success>
  <success>
    <command name="printAvlTree"/>
    <parameters/>
    <output>
      <AvlGTree cardinality="2" height="1" maxImbalance="1">
        <node name="Baltimore" radius="5">
          <node name="Chicago" radius="6">
            <emptyChild/>
            <emptyChild/>
          </node>
          <emptyChild/>
        </node>
      </AvlGTree>
    </output>
  </success>
  <success>
    <command name="createCity"/>
    <parameters>
      <name value="New_York"/>
      <x value="200"/>
      <y value="300"/>
      <radius value="7"/>
      <color value="black"/>
    </parameters>
    <output/>
  </success>
  <success>
    <command name="mapCity"/>
    <parameters>
      <name value="New_York"/>
    </parameters>
    <output/>
  </success>
  <success>
    <command name="printAvlTree"/>
    <parameters/>
    <output>
      <AvlGTree cardinality="3" height="1" maxImbalance="1">
        <node name="Chicago" radius="6">
          <node name="New_York" radius="7">
            <emptyChild/>
            <emptyChild/>
          </node>
          <node name="Baltimore" radius="5">
            <emptyChild/>
            <emptyChild/>
          </node>
        </node>
      </AvlGTree>
    </output>
  </success>
  <success>
    <command name="clearAll"/>
    <parameters/>
    <output/>
  </success>
  <success>
    <command name="createCity"/>
    <parameters>
      <name value="Baltimore"/>
      <x value="140"/>
      <y value="37"/>
      <radius value="8"/>
      <color value="black"/>
    </parameters>
    <output/>
  </success>
  <success>
    <command name="createCity"/>
    <parameters>
      <name value="Chicago"/>
      <x value="88"/>
      <y value="34"/>
      <radius value="9"/>
      <color value="black"/>
    </parameters>
    <output/>
  </success>
  <success>
    <command name="createCity"/>
    <parameters>
      <name value="New_York"/>
      <x value="200"/>
      <y value="300"/>
      <radius value="10"/>
      <color value="black"/>
    </parameters>
    <output/>
  </success>
  <success>
    <command name="mapCity"/>
    <parameters>
      <name value="Baltimore"/>
    </parameters>
    <output/>
  </success>
  <success>
    <command name="mapCity"/>
    <parameters>
      <name value="Chicago"/>
    </parameters>
    <output/>
  </success>
  <success>
    <command name="mapCity"/>
    <parameters>
      <name value="New_York"/>
    </parameters>
    <output/>
  </success>
  <success>
    <command name="printAvlTree"/>
    <parameters/>
    <output>
      <AvlGTree cardinality="3" height="1" maxImbalance="1">
        <node name="Chicago" radius="9">
          <node name="New_York" radius="10">
            <emptyChild/>
            <emptyChild/>
          </node>
          <node name="Baltimore" radius="8">
            <emptyChild/>
            <emptyChild/>
          </node>
        </node>
      </AvlGTree>
    </output>
  </success>
  <success>
    <command name="createCity"/>
    <parameters>
      <name value="Zurich"/>
      <x value="1000"/>
      <y value="1000"/>
      <radius value="11"/>
      <color value="black"/>
    </parameters>
    <output/>
  </success>
  <success>
    <command name="createCity"/>
    <parameters>
      <name value="Paris"/>
      <x value="500"/>
      <y value="400"/>
      <radius value="12"/>
      <color value="black"/>
    </parameters>
    <output/>
  </success>
  <success>
    <command name="createCity"/>
    <parameters>
      <name value="Amsterdam"/>
      <x value="450"/>
      <y value="450"/>
      <radius value="13"/>
      <color value="black"/>
    </parameters>
    <output/>
  </success>
  <success>
    <command name="mapCity"/>
    <parameters>
      <name value="Zurich"/>
    </parameters>
    <output/>
  </success>
  <success>
    <command name="mapCity"/>
    <parameters>
      <name value="Paris"/>
    </parameters>
    <output/>
  </success>
  <success>
    <command name="mapCity"/>
    <parameters>
      <name value="Amsterdam"/>
    </parameters>
    <output/>
  </success>
  <success>
    <command name="printAvlTree"/>
    <parameters/>
    <output>
      <AvlGTree cardinality="6" height="2" maxImbalance="1">
        <node name="Zurich" radius="11">
          <node name="Paris" radius="12">
            <node name="Amsterdam" radius="13">
              <emptyChild/>
              <emptyChild/>
            </node>
            <emptyChild/>
          </node>
          <node name="Chicago" radius="9">
            <node name="New_York" radius="10">
              <emptyChild/>
              <emptyChild/>
            </node>
            <node name="Baltimore" radius="8">
              <emptyChild/>
              <emptyChild/>
            </node>
          </node>
        </node>
      </AvlGTree>
    </output>
  </success>
  <success>
    <command name="clearAll"/>
    <parameters/>
    <output/>
  </success>
  <error type="emptyTree">
    <command name="printAvlTree"/>
    <parameters/>
  </error>
  <success>
    <command name="clearAll"/>
    <parameters/>
    <output/>
  </success>
</results>
